time_s,requested_valve,valve,rpm,total_flow_kg_s,chamber_pressure_pa,pump_power_w,minimum_npsh_m,estopped,alarms
0.0,0.0,0.0,0.0,0.0,21946.758974678694,0.0,39.322974032452976,False,
0.005,0.0,0.0,1142.6952009441313,0.0,42951.2981286792,0.0,39.322974032452976,False,
0.01,0.0,0.0,2238.756390378948,0.0,63295.13872672623,0.0,39.322974032452976,False,
0.015,0.0,0.0,3290.0867276313274,0.0,83217.20525170096,0.0,39.322974032452976,False,
0.02,0.0,0.0,4298.511703062807,0.0,102918.62034141825,0.0,39.322974032452976,False,
0.025,0.0,0.0,5265.782307782222,0.0,122567.03188893337,0.0,39.322974032452976,False,
0.03,0.0,0.0,6193.578074000663,0.0,142300.51451327206,0.0,39.322974032452976,False,
0.035,0.0,0.0,7083.509991307888,0.0,162231.0839708388,0.0,39.322974032452976,False,
0.04,0.0,0.0,7937.1233039339,0.0,182447.85974579924,0.0,39.322974032452976,False,
0.045,0.0,0.0,8755.900193852778,0.0,203019.90800537044,0.0,39.322974032452976,False,
0.05,0.0,0.0,9541.262354387574,0.0,223998.79431014246,0.0,39.322974032452976,False,
0.055,0.0,0.0,10294.573458785007,0.0,245420.87290913254,0.0,39.322974032452976,False,
0.06,0.0,0.0,11017.141528046264,0.0,267309.3371047991,0.0,39.322974032452976,False,
0.065,0.0,0.0,11710.221202125369,0.0,289676.05302686477,0.0,39.322974032452976,False,
0.07,0.0,0.0,12375.015918438681,0.0,312523.1971891178,0.0,39.322974032452976,False,
0.075,0.0,0.0,13012.680001468272,0.0,335844.71640532836,0.0,39.322974032452976,False,
0.08,0.0,0.0,13624.320667087424,0.0,359627.6269951988,0.0,39.322974032452976,False,
0.085,0.0,0.0,14210.999945088528,0.0,383853.16870617744,0.0,39.322974032452976,False,
0.09,0.0,0.0,14773.73652325159,0.0,408497.8274003486,0.0,39.322974032452976,False,
0.095,0.0,0.0,15313.50751615527,0.0,433534.2392967615,0.0,39.322974032452976,False,
0.1,0.0,0.0,15831.25016180181,0.0,458931.98840866867,0.0,39.322974032452976,False,
0.105,0.0,0.0,16327.863449001763,0.0,484658.3077631815,0.0,39.322974032452976,False,
0.11,0.0,0.0,16804.209678344276,0.0,510678.6940295518,0.0,39.322974032452976,False,
0.115,0.0,0.0,17261.115959463303,0.0,536957.4443040547,0.0,39.322974032452976,False,
0.12,0.0,0.0,17699.375647199613,0.0,563458.1229973125,0.0,39.322974032452976,False,
0.125,0.0,0.0,18119.74971915223,0.0,590143.9660374656,0.0,39.322974032452976,False,
0.13,0.0,0.0,18522.96809701122,0.0,616978.2289339993,0.0,39.322974032452976,False,
0.135,0.0,0.0,18909.730913966207,0.0,643924.4846368877,0.0,39.322974032452976,False,
0.14,0.0,0.0,19280.709730391267,0.0,670946.876569085,0.0,39.322974032452976,False,
0.145,0.0,0.0,19636.548699917006,0.0,698010.331702748,0.0,39.322974032452976,False,
0.15,0.0,0.0,19977.865687914677,0.0,725080.738086751,0.0,39.322974032452976,False,
0.155,0.005882352941176476,0.005882352941176476,20305.25334433429,0.00034126476208965227,752125.0804110112,0.5748223484210904,39.32297403696593,False,
0.16,0.011764705882352951,0.011764705882352951,20619.280132759653,0.0010130207609383656,779111.5084754426,1.7595058571405882,39.32297407221926,False,
0.165,0.01764705882352943,0.01764705882352943,20920.4913174671,0.0020045216516553707,806009.3787507412,3.5840980657562156,39.322974188157,False,
0.17,0.023529411764705903,0.023529411764705903,21209.409910201837,0.0033050817314656906,832789.2828895923,6.073859589832727,39.32297445574759,False,
0.17500000000000002,0.02941176470588238,0.02941176470588238,21486.537578315805,0.004904105516384869,859423.0651228405,9.249495670004368,39.32297496441443,False,
0.18,0.03529411764705882,0.03529411764705882,21752.355515843967,0.0067911137635446595,885883.8302205473,13.127407417530321,39.32297581960027,False,
0.185,0.0411764705882353,0.0411764705882353,22007.325279031473,0.00895576624497388,912145.9434746912,17.719956347152532,39.322977140473206,False,
0.19,0.04705882352941178,0.04705882352941178,22251.88958776254,0.01138788155553865,938185.0239649436,23.03573676572589,39.32297905777875,False,
0.195,0.05294117647058825,0.05294117647058825,22486.47309428257,0.014077454216276195,966896.7363233035,30.79043095071576,39.32298171184052,False,
0.2,0.058823529411764726,0.058823529411764726,22711.48312054827,0.0170146693144057,1001211.7359863728,42.181396284910434,39.32298525070942,False,
0.20500000000000002,0.0647058823529412,0.0647058823529412,22927.31036548618,0.020189914902765397,1041048.5521961513,56.109944738213,39.322989828459875,False,
0.21,0.07058823529411765,0.07058823529411765,23134.329583387535,0.023593792364210633,1086318.9973310458,72.82815089833932,39.32299560363006,False,
0.215,0.07647058823529412,0.07647058823529412,23332.900234617497,0.027217124930523563,1136928.7969739097,92.58262594011711,39.32300273780198,False,
0.22,0.0823529411764706,0.0823529411764706,23523.36710976857,0.031050964530546683,1192778.204090233,115.61350047993432,39.32301139431637,False,
0.225,0.08823529411764708,0.08823529411764708,23706.060928342005,0.03508659712848214,1253762.5944548072,142.15356287175032,39.323021737116655,False,
0.23,0.09411764705882356,0.09411764705882356,23881.29891299665,0.039315546700522536,1319773.0410484564,172.42754234669994,39.32303392971574,False,
0.23500000000000001,0.10000000000000002,0.10000000000000002,24049.385340362438,0.04372957798612915,1390696.865647564,206.65152615543568,39.32304813427904,False,
0.24,0.10588235294117647,0.10588235294117647,24210.612069374845,0.04832069813928594,1466418.166268209,245.0324998342079,39.32306451081685,False,
0.245,0.11176470588235295,0.11176470588235295,24365.259048047737,0.053081157394873124,1546818.3195088913,287.76799984251545,39.323083216479276,False,
0.25,0.11764705882352942,0.11764705882352942,24513.59479956456,0.058003448855866516,1631776.457167089,335.045868077724,39.323104404946626,False,
0.255,0.1235294117647059,0.1235294117647059,24655.87688853185,0.06308030749832727,1721169.9167907217,387.0440981310465,39.32312822590854,False,
0.26,0.12941176470588237,0.12941176470588237,24792.352368204745,0.06830470848305165,1814874.6660708815,443.9307635847547,39.32315482462493,False,
0.265,0.13529411764705884,0.13529411764705884,24923.258209460895,0.07366986485525756,1912765.7011914162,505.8640191413788,39.323184341562346,False,
0.27,0.14117647058823532,0.14117647058823532,25048.8217122678,0.07916922470675233,2014717.4194280964,572.992165904287,39.32321691209932,False,
0.275,0.1470588235294118,0.1470588235294118,25169.260900357876,0.08479646786861303,2120603.966438796,645.4537726806836,39.3232526662946,False,
0.28,0.15294117647058827,0.15294117647058827,25284.784899796658,0.09054550219648376,2230299.5588096306,723.3778457406388,39.32329172871246,False,
0.28500000000000003,0.15882352941176475,0.15882352941176475,25395.594302101425,0.09641045950511509,2343678.782523251,806.8840400293707,39.32333421829966,False,
0.29,0.16470588235294117,0.16470588235294117,25501.881512540716,0.10238569120371162,2460616.8680971386,896.0829053867028,39.32338024830859,False,
0.295,0.17058823529411765,0.17058823529411765,25603.83108421963,0.10846576367898164,2580989.94320416,991.0761618711467,39.32342992626202,False,
0.3,0.17647058823529413,0.17647058823529413,25701.620038530833,0.1146454534684726,2704675.263636941,1091.9569988115188,39.323483353954565,False,
0.305,0.18235294117647058,0.18235294117647058,25795.418172527865,0.12091974226280001,2831551.4235137394,1198.8103927127722,39.32354062748667,False,
0.31,0.18823529411764706,0.18823529411764706,25885.388353754333,0.12728381177171347,2961498.5456481148,1311.713439622096,39.323601837327224,False,
0.315,0.19411764705882353,0.19411764705882353,25971.68680304096,0.1337330384855671,3094398.4530194015,1430.735698014555,39.32366706840088,False,
0.32,0.2,0.2,26054.463365761556,0.14026298836065434,3230134.822287085,1555.9395386834885,39.32373640019692,False,
0.325,0.2058823529411765,0.2058823529411765,26133.86177201889,0.14686941145400692,3368593.3202909427,1687.380498519013,39.32380990689629,False,
0.33,0.21176470588235297,0.21176470588235297,26210.019886212187,0.15354823653062963,3509661.724471305,1825.1076354282786,39.3238876575141,False,
0.335,0.21764705882352944,0.21764705882352944,26283.069946419717,0.16029556566372627,3653230.028130979,1969.163881993887,39.32396971605491,False,
0.34,0.22352941176470592,0.22352941176470592,26353.138794011964,0.16710766884625522,3799190.5314431353,2119.586395782767,39.324056141678355,False,
0.34500000000000003,0.2294117647058824,0.2294117647058824,26420.348093894234,0.1739809786301185,3947437.9190885387,2276.406904507612,39.324146988873046,False,
0.35000000000000003,0.23529411764705888,0.23529411764705888,26484.814545760993,0.18091208480742416,4097869.3253815714,2439.6520445078495,39.3242423076367,False,
0.355,0.2411764705882353,0.2411764705882353,26546.650086728827,0.18789772914655478,4250384.387718172,2609.343691258072,39.32434214366087,False,
0.36,0.24705882352941178,0.24705882352941178,26605.962085699808,0.19493480019421264,4404885.28915058,2785.4992808302595,39.324446538518515,False,
0.365,0.2529411764705882,0.2529411764705882,26662.853529792847,0.20202032815318513,4561276.790864129,2968.132121433229,39.324555529853235,False,
0.37,0.25882352941176473,0.25882352941176473,26717.4232031666,0.2091514798442721,4719466.255300634,3157.2516943298506,39.32466915156875,False,
0.375,0.2647058823529412,0.2647058823529412,26769.76585854459,0.21632555375962703,4879363.660641562,3352.86394359109,39.324787434017665,False,
0.38,0.2705882352941177,0.2705882352941177,26819.972381740263,0.22353997521368485,5040881.607332419,3554.9715542870654,39.32491040418845,False,
0.385,0.27647058823529413,0.27647058823529413,26868.12994946765,0.23079229159686282,5203935.317297895,3763.574218840469,39.32503808588996,False,
0.39,0.28235294117647064,0.28235294117647064,26914.322180711784,0.2380801677363306,5368442.626465578,3978.6688913780454,39.325170499932554,False,
0.395,0.2882352941176471,0.2882352941176471,26958.6292819215,0.24540138136733353,5534323.97118451,4200.250030012567,39.32530766430551,False,
0.4,0.29411764705882354,0.29411764705882354,27001.128186276932,0.2527538187178222,5701502.369093891,4428.309827072091,39.32544959434992,False,
0.405,0.3,0.3,27041.892687273354,0.2601354702084783,5869903.394966742,4662.838427366278,39.32559630292682,False,
0.41000000000000003,0.3058823529411765,0.3058823529411765,27080.99356685343,0.26754442626963126,6039455.152023625,4903.824134642166,39.32574780058018,False,
0.41500000000000004,0.31176470588235294,0.31176470588235294,27118.498718310337,0.2749788732760221,6210088.239182556,5151.253606435192,39.325904095694476,False,
0.42,0.31764705882352945,0.31764705882352945,27154.47326417508,0.28243708959989183,6381735.714683163,5405.112037566056,39.3260651946465,False,
0.425,0.3235294117647059,0.3235294117647059,27188.979669292832,0.28991744178243817,6554333.056495938,5665.38333257134,39.326231101951535,False,
0.43,0.3294117647058824,0.3294117647058824,27222.07784928452,0.29741838082330363,6727818.119901284,5932.05026738626,39.32640182040346,False,
0.435,0.33529411764705885,0.33529411764705885,27253.825274582046,0.3049384385874131,6902131.092597768,6205.094640622249,39.32657735120901,False,
0.44,0.34117647058823536,0.34117647058823536,27284.277070217795,0.312476224328181,7077214.447674869,6484.4974148011515,39.326757694115955,False,
0.445,0.3470588235294118,0.3470588235294118,27313.486111541642,0.32003042132583703,7253012.894762262,6770.238847921784,39.32694284753535,False,
0.45,0.3529411764705883,0.3529411764705883,27341.503116031745,0.3275997836393908,7429473.329645605,7062.298615744708,39.327132808657844,False,
0.455,0.35882352941176476,0.35882352941176476,27368.37673135843,0.33518313297054847,7606544.782617612,7360.655925187082,39.32732757356411,False,
0.46,0.36470588235294127,0.36470588235294127,27394.153619854194,0.34277935563772044,7784178.36581315,7665.289619222594,39.32752713732955,False,
0.465,0.3705882352941177,0.3705882352941177,27418.878539536407,0.35038739965810733,7962327.219757957,7976.178273681317,39.327731494123285,False,
0.47000000000000003,0.3764705882352942,0.3764705882352942,27442.594421823458,0.35800627193572276,8140946.459342485,8293.300286342303,39.32794063730169,False,
0.47500000000000003,0.3823529411764707,0.3823529411764707,27465.342446079238,0.36563503555310395,8319993.119415204,8616.633958707009,39.3281545594965,False,
0.48,0.388235294117647,0.388235294117647,27487.16211111544,0.37327280716437305,8499426.100173501,8946.15757083568,39.328373252697695,False,
0.485,0.3941176470588235,0.3941176470588235,27508.091303775826,0.38091875448723805,8679206.112514991,9281.849449620982,39.328596708331396,False,
0.49,0.39999999999999997,0.39999999999999997,27528.16636472147,0.38857209389146735,8859295.623497631,9623.688030864261,39.328824917332746,False,
0.495,0.40588235294117647,0.40588235294117647,27547.422151531355,0.396232088081329,9039658.802043468,9971.651915509945,39.32905787021419,False,
0.5,0.4117647058823529,0.4117647058823529,27565.892099227738,0.40389804386945505,9220261.465008082,10325.719920382682,39.329295557129186,False,
0.505,0.4176470588235294,0.4176470588235294,27583.60827833147,0.41156931003957264,9401071.02372585,10685.871123760568,39.329537967931515,False,
0.51,0.4235294117647059,0.4235294117647059,27600.601450548023,0.4192452752955356,9582056.43112992,11052.084906105829,39.3297850922305,False,
0.515,0.4294117647058823,0.4294117647058823,27616.901122180978,0.4269253662940892,9763188.12953531,11424.340986262183,39.33003691944221,False,
0.52,0.43529411764705883,0.43529411764705883,27632.53559536565,0.43460904575881043,9944437.999163799,11802.619453415617,39.330293438836826,False,
0.525,0.4411764705882353,0.4411764705882353,27647.532017211848,0.44229581067268126,10125779.307480084,12186.900795102783,39.33055463958243,False,
0.53,0.4470588235294118,0.4470588235294118,27661.91642694108,0.44998519054677355,10307186.65940023,12577.16592153872,39.330820510785315,False,
0.535,0.45294117647058824,0.45294117647058824,27675.713801100097,0.45767674576255324,10488635.948425535,12973.396186522989,39.33109104152704,False,
0.54,0.45882352941176474,0.45882352941176474,27688.948096929216,0.4653700659853429,10670104.308747571,13375.573405171039,39.33136622089835,False,
0.545,0.4647058823529412,0.4647058823529412,27701.64229396077,0.4730647686465178,10851570.068363408,13783.679868705327,39.33164603803023,False,
0.55,0.4705882352941177,0.4705882352941177,27713.818433919903,0.4807604974920532,11033012.703233741,14197.698356528905,39.33193048212205,False,
0.555,0.47647058823529415,0.47647058823529415,27725.49765899699,0.48845692119508144,11214412.792510817,14617.61214579225,39.33221954246724,False,
0.56,0.48235294117647065,0.48235294117647065,27736.700248558132,0.4961537320301665,11395751.974857748,15043.405018653059,39.3325132084764,False,
0.5650000000000001,0.4882352941176471,0.4882352941176471,27747.445654357507,0.5038506446070486,11577012.905875867,15475.061267417315,39.33281146969809,False,
0.5700000000000001,0.4941176470588236,0.4941176470588236,27757.75253431262,0.5115473946616671,11758179.216652287,15912.565697739576,39.333114315837506,False,
0.5750000000000001,0.5000000000000001,0.5000000000000001,27767.63878490126,0.5192437379023147,11939235.47343568,16355.903630049816,39.33342173677301,False,
0.58,0.5058823529411764,0.5058823529411764,27777.121572236218,0.5269394489088371,12120167.138444548,16805.06089936438,39.33373372257084,False,
0.585,0.5117647058823529,0.5117647058823529,27786.21736187192,0.5346343200828392,12300960.53180881,17260.02385362898,39.33405026349795,False,
0.59,0.5176470588235293,0.5176470588235293,27794.941947394567,0.5423281606469175,12481602.794642404,17720.779350732428,39.33437135003323,False,
0.595,0.5235294117647058,0.5235294117647058,27803.310477845538,0.5500207956909936,12662081.853241794,18187.3147543211,39.33469697287713,False,
0.6,0.5294117647058824,0.5294117647058824,27811.337484025607,0.5577120652638746,12842386.384402737,18659.61792853572,39.33502712295988,False,
0.605,0.5352941176470588,0.5352941176470588,27819.03690372568,0.5654018235082277,13022505.781845314,19137.677231783884,39.335361791448314,False,
0.61,0.5411764705882353,0.5411764705882353,27826.422105927842,0.5730899378372047,13202430.123735264,19621.481509654393,39.335700969751464,False,
0.615,0.5470588235294117,0.5470588235294117,27833.505914018784,0.5807762881510139,13382150.141287748,20111.02008707186,39.33604464952501,False,
0.62,0.5529411764705883,0.5529411764705883,27840.300628055793,0.5884607660917813,13561657.188438114,20606.28275978348,39.33639282267467,False,
0.625,0.5588235294117647,0.5588235294117647,27846.818046124165,0.5961432743351088,13740943.212562757,21107.259785263053,39.33674548135856,False,
0.63,0.5647058823529412,0.5647058823529412,27853.06948482292,0.603823725916778,13920000.726231964,21613.941873111347,39.33710261798873,False,
0.635,0.5705882352941176,0.5705882352941176,27859.065798914533,0.6115020435931089,14098822.77997551,22126.320175025874,39.33746422523178,False,
0.64,0.5764705882352941,0.5764705882352941,27864.81740017272,0.6191781592335299,14277402.936040852,22644.386274407745,39.337830296008796,False,
0.645,0.5823529411764706,0.5823529411764706,27870.334275461068,0.6268520132439662,14455735.243123023,23168.13217566791,39.33820082349458,False,
0.65,0.5882352941176471,0.5882352941176471,27875.62600407384,0.6345235540197037,14633814.212044574,23697.55029329034,39.33857580111619,False,
0.655,0.5941176470588235,0.5941176470588235,27880.701774369092,0.6421927374264349,14811634.792363495,24232.63344070484,39.33895522255102,False,
0.66,0.6,0.6,27885.57039972301,0.6498595263082364,14989192.349886496,24773.374819018114,39.339339081724255,False,
0.665,0.6058823529411765,0.6058823529411765,27890.240333833095,0.6575238900212794,15166482.645064807,25319.768005647253,39.33972737280594,False,
0.67,0.611764705882353,0.611764705882353,27894.719685396885,0.6651858039921137,15343501.812249353,25871.806942896328,39.34012009020763,False,
0.675,0.6176470588235294,0.6176470588235294,27899.01623219156,0.6728452492994152,15520246.33978203,26429.485926513004,39.340517228578605,False,
0.68,0.6235294117647059,0.6235294117647059,27903.137434578988,0.680502212278124,15696713.05089975,26992.799594258606,39.34091878280188,False,
0.685,0.6294117647058824,0.6294117647058824,27907.09044845962,0.688156684144946,15872899.085427897,27561.74291452214,39.34132474798978,False,
0.6900000000000001,0.6352941176470589,0.6352941176470589,27910.88213769773,0.6958086606442289,16048801.882239912,28136.311175005732,39.34173511947941,False,
0.6950000000000001,0.6411764705882353,0.6411764705882353,27914.519086039556,0.7034581417132639,16224419.162459828,28716.49997150622,39.34214989282782,False,
0.7000000000000001,0.6470588235294118,0.6470588235294118,27918.00760854509,0.7111051311661003,16399748.913384765,29302.305196814883,39.342569063807,False,
0.705,0.6529411764705881,0.6529411764705881,27921.353762553284,0.7187496363949991,16574789.373104582,29893.72302975538,39.34299262839875,False,
0.71,0.6588235294117647,0.6588235294117647,27924.56335819981,0.7263916680886878,16749539.015796168,30490.74992437718,39.34342058278941,False,
0.715,0.6647058823529411,0.6647058823529411,27927.64196850554,0.7340312399666091,16923996.537670124,31093.38259932015,39.34385292336449,False,
0.72,0.6705882352941176,0.6705882352941176,27930.594939053342,0.7416683685283949,17098160.843547925,31701.618027363897,39.34428964670318,False,
0.725,0.676470588235294,0.676470588235294,27933.42739726995,0.7493030728178247,17272031.03404799,32315.453425173582,39.34473074957291,False,
0.73,0.6823529411764706,0.6823529411764706,27936.14426132902,0.7569353742005622,17445606.3933595,32934.88624325259,39.345176228923734,False,
0.735,0.6882352941176471,0.6882352941176471,27938.75024869088,0.7645652961549906,17618886.377583146,33559.91415611055,39.34562608188282,False,
0.74,0.6941176470588235,0.6941176470588235,27941.249884293735,0.7721928640754996,17791870.60361847,34190.535052654166,39.346080305748835,False,
0.745,0.7,0.7,27943.64750841061,0.7798181050876022,17964558.838577848,34826.747026806865,39.34653889798644,False,
0.75,0.7058823529411765,0.7058823529411765,27945.947284185622,0.787441047874287,18136950.98970763,35468.54836836201,39.34700185622072,False,
0.755,0.711764705882353,0.711764705882353,27948.153204862734,0.7950617225130415,18309047.094797395,36115.93755407352,39.34746917823171,False,
0.76,0.7176470588235294,0.7176470588235294,27950.269100719437,0.8026801603229978,18480847.313058764,36768.91323898671,39.347940861948956,False,
0.765,0.7235294117647059,0.7235294117647059,27952.29864571753,0.8102963937216886,18652351.916455675,37427.474248011174,39.348416905446115,False,
0.77,0.7294117647058823,0.7294117647058823,27954.245363882423,0.8179104560909137,18823561.28146848,38091.619567736736,39.34889730693565,False,
0.775,0.7352941176470589,0.7352941176470589,27956.112635422156,0.8255223816512446,18994475.881274723,38761.348338492884,39.34938206476358,False,
0.78,0.7411764705882353,0.7411764705882353,27957.903702596628,0.833132205344717,19165096.27832992,39436.65984665115,39.34987117740437,False,
0.785,0.7470588235294118,0.7470588235294118,27959.621675347356,0.8407399627252792,19335423.117332183,40117.55351716961,39.350364643455784,False,
0.79,0.7529411764705882,0.7529411764705882,27961.269536697455,0.848345689856584,19505457.118554913,40804.028906377884,39.35086246163397,False,
0.795,0.7588235294117648,0.7588235294117648,27962.850147931244,0.8559494232167345,19675199.071532384,41496.08569500047,39.35136463076858,False,
0.8,0.7647058823529412,0.7647058823529412,27964.366253562486,0.8635511996096066,19844649.82908338,42193.72368141617,39.351871149797965,False,
0.805,0.7705882352941177,0.7705882352941177,27965.820486099838,0.8711510560823941,20013810.301658623,42896.9427751505,39.35238201776457,False,
0.81,0.7764705882352941,0.7764705882352941,27967.215370617847,0.8787490298490352,20182681.451998137,43605.74299059788,39.35289723381032,False,
0.8150000000000001,0.7823529411764707,0.7823529411764707,27968.553329141407,0.8863451582191986,20351264.290085107,44320.124440970234,39.353416797172216,False,
0.8200000000000001,0.7882352941176471,0.7882352941176471,27969.836684851256,0.8939394785325165,20519559.868383344,45040.08733246774,39.353940707178,False,
0.8250000000000001,0.7941176470588236,0.7941176470588236,27971.067666117866,0.901532028097779,20687569.2773458,45765.631958668215,39.35446896324192,False,
0.8300000000000001,0.8,0.8,27972.248410370696,0.9091228441368008,20855293.64118207,46496.758695130426,39.35500156486067,False,
0.835,0.8058823529411764,0.8058823529411764,27973.380967809553,0.9167119637327029,21022734.113873225,47233.46799420703,39.35553851160939,False,
0.84,0.8117647058823529,0.8117647058823529,27974.467304964473,0.9242994237823519,21189891.87542273,47975.76038006257,39.356079803137774,False,
0.845,0.8176470588235294,0.8176470588235294,27975.50930811034,0.9318852609527167,21356768.12833259,48723.63644389178,39.35662543916638,False,
0.85,0.8235294117647058,0.8235294117647058,27976.50878654213,0.9394695116409181,21523364.09429431,49477.09683933341,39.35717541948295,False,
0.855,0.8294117647058823,0.8294117647058823,27977.467475716512,0.9470522119377477,21689681.01108461,50236.142278074636,39.35772974393891,False,
0.86,0.8352941176470589,0.8352941176470589,27978.38704026522,0.9546333975944563,21855720.129656184,51000.773525641125,39.358288412445994,False,
0.865,0.8411764705882353,0.8411764705882353,27979.269076885477,0.9622131039926115,22021482.71141426,51770.991397367805,39.3588514249729,False,
0.87,0.8470588235294118,0.8470588235294118,27980.115117112407,0.9697913661168411,22186970.025669903,52546.79675454529,39.35941878154216,False,
0.875,0.8529411764705882,0.8529411764705882,27980.92662997837,0.9773682185302842,22352183.347261585,53328.19050073705,39.359990482227076,False,
0.88,0.8588235294117647,0.8588235294117647,27981.705024563715,0.9849436953525834,22517123.954336654,54115.17357826207,39.36056652714873,False,
0.885,0.8647058823529412,0.8647058823529412,27982.451652443444,0.9925178302402602,22681793.12628482,54907.74696483839,39.36114691647316,False,
0.89,0.8705882352941177,0.8705882352941177,27983.167810034065,1.0000906563693204,22846192.141816016,55705.91167038223,39.361731650408615,False,
0.895,0.8764705882352941,0.8764705882352941,27983.854740844617,1.0076622064199494,23010322.277175345,56509.66873395805,39.362320729202914,False,
0.9,0.8823529411764706,0.8823529411764706,27984.51363763586,1.0152325125631627,23174184.8044881,57319.01922087441,39.362914153140906,False,
0.905,0.8882352941176471,0.8882352941176471,27985.145644491346,1.0228016064492793,23337780.99022813,58133.96421992114,39.363511922542024,False,
0.91,0.8941176470588236,0.8941176470588236,27985.751858803946,1.030369519198102,23501112.09380314,58954.50484074281,39.36411403775796,False,
0.915,0.9,0.9,27986.333333181345,1.037936281390687,23664179.366250735,59780.642211344086,39.364720499170396,False,
0.92,0.9058823529411765,0.9058823529411765,27986.89107727372,1.045501923062595,23826984.04903934,60612.37747572198,39.365331307188875,False,
0.925,0.911764705882353,0.911764705882353,27987.426059526893,1.0530664736985218,23989527.372968335,61449.71179162107,39.36594646224872,False,
0.93,0.9176470588235295,0.9176470588235295,27987.939208863878,1.0606299622282092,24151810.55716199,62292.64632840664,39.36656596480906,False,
0.935,0.9235294117647059,0.9235294117647059,27988.431416297837,1.068192417023547,24313834.808152087,63141.182265051946,39.36718981535094,False,
0.9400000000000001,0.9294117647058824,0.9294117647058824,27988.903536479203,1.0757538658967807,24475601.31904425,63995.32078823491,39.36781801437552,False,
0.9450000000000001,0.9352941176470589,0.9352941176470589,27989.356389179655,1.083314336099737,24637111.26876329,64855.06309054049,39.36845056240233,False,
0.9500000000000001,0.9411764705882354,0.9411764705882354,27989.790760715554,1.0908738543239993,24798365.821373068,65720.41036876432,39.369087459967645,False,
0.9550000000000001,0.9470588235294118,0.9470588235294118,27990.207405313253,1.09843244670195,24959366.125466593,66591.36382231402,39.3697287076229,False,
0.96,0.9529411764705882,0.9529411764705882,27990.60704641873,1.1059901388086213,25120113.313622225,67467.92465170384,39.37037430593318,False,
0.965,0.9588235294117646,0.9588235294117646,27990.99037795373,1.1135469556642836,25280608.501922116,68350.09405713962,39.37102425547583,False,
0.97,0.9647058823529412,0.9647058823529412,27991.358065520682,1.1211029217377093,25440852.78952914,69237.87323718941,39.37167855683906,False,
0.975,0.9705882352941176,0.9705882352941176,27991.71074755841,1.1286580609500627,25600847.25831877,70131.2633875372,39.37233721062065,False,
0.98,0.9764705882352941,0.9764705882352941,27992.04903645071,1.136212396679353,25760592.972562537,71030.26569981566,39.37300021742677,False,
0.985,0.9823529411764705,0.9823529411764705,27992.37351958966,1.1437659517654055,25920090.978659827,71934.88136051467,39.37366757787076,False,
0.99,0.9882352941176471,0.9882352941176471,27992.684760395554,1.1513187485153022,26079342.30491498,72845.11154996269,39.37433929257207,False,
0.995,0.9941176470588236,0.9941176470588236,27992.98329929519,1.1588708087092452,26238347.96135677,73760.95744137716,39.37501536215518,False,
1.0,1.0,1.0,27993.269654660253,1.1664221536068038,26397108.9395975,74682.42019998166,39.37569578724863,False,
1.0050000000000001,1.0,1.0,27993.54432370741,1.173502324216971,26546677.769144427,75137.21619721293,39.376337770800795,False,
1.01,1.0,1.0,27993.80778336164,1.1801407369058723,26687585.701591738,75563.68397588775,39.376943227636204,False,
1.0150000000000001,1.0,1.0,27994.06049108435,1.186364970823782,26820333.85698091,75963.58930661945,39.37751401164854,False,
1.02,1.0,1.0,27994.3028856677,1.1922008826777746,26945394.839280784,76338.58787383989,39.37805191251203,False,
1.025,1.0,1.0,27994.535387996515,1.1976727143332608,27063214.278290145,76690.23213683581,39.3785586534567,False,
1.03,1.0,1.0,27994.758401779065,1.2028031936925152,27174212.299488768,77019.97776358065,39.37903588993718,False,
1.035,1.0,1.0,27994.972314248076,1.2076136292702988,27278784.923627716,77329.18966391393,39.37948520904773,False,
1.04,1.0,1.0,27995.177496833097,1.2121239988604284,27377305.398054816,77619.14764697448,39.37990812955686,False,
1.045,1.0,1.0,27995.37430580543,1.2163530326625243,27470125.46192577,77891.05172625126,39.380306102452124,False,
1.05,1.0,1.0,27995.56308289676,1.2203182912151074,27557576.547562964,78146.02709416582,39.38068051190129,False,
1.055,1.0,1.0,27995.744155892506,1.2240362384595702,27639970.920299366,78385.1287867422,39.38103267654934,False,
1.06,1.0,1.0,27995.917839200993,1.2275223102392785,27717602.75918978,78609.34605764432,39.38136385108243,False,
1.065,1.0,1.0,27996.084434399363,1.230790978519036,27790749.180991087,78819.60647966429,39.381675228000084,False,
1.07,1.0,1.0,27996.244230757253,1.2338558115923313,27859671.209811352,79016.7797906237,39.38196793954544,False,
1.075,1.0,1.0,27996.39750573902,1.236729530527065,27924614.69480849,79201.6814995945,39.38224305975135,False,
1.08,1.0,1.0,27996.544525485573,1.2394240620847965,27985811.178285692,79375.07626836121,39.38250160656635,False,
1.085,1.0,1.0,27996.685545276454,1.241950588333858,28043478.716485906,79537.68108211619,39.38274454403041,False,
1.09,1.0,1.0,27996.82080997311,1.244319593162915,28097822.655333515,79690.16822251261,39.382972784475356,False,
1.095,1.0,1.0,27996.950554444058,1.2465409058886445,28149036.363310084,79833.16805538292,39.38318719072883,False,
1.1,1.0,1.0,27997.075003972714,1.2486237421390978,28197301.92358438,79967.27164466557,39.383388578304675,False,
1.105,1.0,1.0,27997.19437464854,1.2505767421829714,28242790.787446104,80093.03320336572,39.38357771756544,False,
1.11,1.0,1.0,27997.30887374228,1.2524080068643708,28285664.391019292,80210.97239170161,39.38375533584569,False,
1.115,1.0,1.0,27997.418700065846,1.2541251312926787,28326074.737156134,80321.57647195735,39.38392211952689,False,
1.12,1.0,1.0,27997.524044317524,1.2557352364277934,28364164.9443358,80425.30232897072,39.384078716056706,False,
1.125,1.0,1.0,27997.6250894131,1.2572449986922367,28400069.76431665,80522.57836462834,39.38422573590727,False,
1.1300000000000001,1.0,1.0,27997.722010803467,1.2586606777334104,28433916.070214238,80613.80627422032,39.38436375446835,False,
1.135,1.0,1.0,27997.814976779275,1.2599881424515844,28465823.316602744,80699.36271201752,39.38449331387257,False,
1.1400000000000001,1.0,1.0,27997.904148763148,1.2612328954019694,28495903.97316369,80779.60085297562,39.384614924750736,False,
1.145,1.0,1.0,27997.989681589937,1.2624000956724604,28524263.933333896,80854.85185704156,39.38472906791653,False,
1.1500000000000001,1.0,1.0,27998.071723775636,1.2634945803322906,28551002.899334524,80925.42624213354,39.38483619598,False,
1.155,1.0,1.0,27998.150417775196,1.2645208845408802,28576214.744894918,80991.61517148811,39.384936734890374,False,
1.16,1.0,1.0,27998.22590022991,1.2654832604005892,28599987.85691921,81053.6916607137,39.38503108540888,False,
1.165,1.0,1.0,27998.298302204672,1.2663856946318512,28622405.457280062,81111.9117095565,39.38511962451278,False,
1.17,1.0,1.0,27998.367749415534,1.267231925144262,28643545.905862786,81166.51536307359,39.38520270673211,False,
1.175,1.0,1.0,27998.43436244802,1.2680254565725972,28663482.985924337,81217.72770661503,39.38528066542086,False,
1.18,1.0,1.0,27998.498256966486,1.2687695748424286,28682286.172775373,81265.75979874271,39.3853538139645,False,
1.185,1.0,1.0,27998.55954391497,1.2694673608259623,28700020.88673963,81310.80954595673,39.385422446925986,False,
1.19,1.0,1.0,27998.61832970981,1.2701217031449392,28716748.731293436,81353.06252285803,39.385486841132334,False,
1.195,1.0,1.0,27998.674716424448,1.270735310173879,28732527.71723895,81392.69274115114,39.385547256704044,False,
1.2,1.0,1.0,27998.72880196665,1.2713107212936303,28747412.473717947,81429.86337067699,39.385603938029675,False,
1.205,1.0,1.0,27998.780680248514,1.27185031744206,28761454.446828313,81464.727415469,39.38565711468778,False,
1.21,1.0,1.0,27998.83044134953,1.272356331005787,28774702.086563073,81497.42834763686,39.38570700231857,False,
1.215,1.0,1.0,27998.878171672997,1.2728308550941339,28787201.022751424,81528.10070170925,39.38575380344753,False,
1.22,1.0,1.0,27998.92395409605,1.273275852233882,28798994.23064306,81556.87063190211,39.38579770826322,False,
1.225,1.0,1.0,27998.96786811357,1.2736931625210177,28810122.18674073,81583.85643462473,39.385838895351455,False,
1.23,1.0,1.0,27999.009989976188,1.274084511263386,28820623.01545168,81609.16903839255,39.38587753238794,False,
1.235,1.0,1.0,27999.050392822726,1.2744515161460606,28830532.627095968,81632.91246318026,39.385913776791504,False,
1.24,1.0,1.0,27999.089146807164,1.2747956939492382,28839884.847778887,81655.18425112104,39.385947776339925,False,
1.245,1.0,1.0,27999.12631922046,1.275118466846612,28848711.54160551,81676.07587034002,39.38597966975018,False,
1.25,1.0,1.0,27999.161974607385,1.2754211683104342,28857042.725687843,81695.67309359799,39.38600958722512,False,
1.2550000000000001,1.0,1.0,27999.196174878613,1.275705048647828,28864906.67836896,81714.05635331688,39.38603765096824,False,
1.26,1.0,1.0,27999.228979418207,1.2759712801913907,28872330.041063897,81731.3010744603,39.38606397566838,False,
1.2650000000000001,1.0,1.0,27999.26044518673,1.2762209621656766,28879337.914093807,81747.47798665127,39.38608866895582,False,
1.27,1.0,1.0,27999.29062682016,1.276455125249808,28885953.946867935,81762.65341682216,39.38611183183156,False,
1.2750000000000001,1.0,1.0,27999.319576724738,1.2766747358551942,28892200.42274727,81776.88956361136,39.38613355907109,False,
1.28,1.0,1.0,27999.347345168,1.276880700136153,28898098.338904124,81790.24475464597,39.38615393960413,False,
1.285,1.0,1.0,27999.37398036601,1.2770738677501179,28903667.481473546,81802.7736877778,39.38617305687178,False,
1.29,1.0,1.0,27999.399528567134,1.2772550353830703,28908926.49627502,81814.52765727422,39.38619098916228,False,
1.295,1.0,1.0,27999.424034132302,1.2774249500548636,28913892.95536653,81825.55476590228,39.38620780992654,False,
1.3,1.0,1.0,27999.44753961205,1.2775843122181834,28918583.419677697,81835.90012378646,39.38622358807483,False,
1.305,1.0,1.0,27999.47008582041,1.2777337786640337,28923013.497954037,81845.60603486493,39.386238388255435,False,
1.31,1.0,1.0,27999.49171190576,1.2778739652458337,28927197.902230773,81854.71217171854,39.386252271116575,False,
1.315,1.0,1.0,27999.512455418833,1.2780054494334514,28931150.500041686,81863.25573949752,39.386265293552384,False,
1.32,1.0,1.0,27999.53235237787,1.2781287727077975,28934884.363556337,81871.27162962624,39.38627750893402,False,
1.325,1.0,1.0,27999.551437331214,1.278244442805935,28938411.815827556,81878.79256392409,39.38628896732667,False,
1.33,1.0,1.0,27999.569743417247,1.278352935826042,28941744.47432031,81885.84922973946,39.386299715693404,False,
1.335,1.0,1.0,27999.587302421973,1.278454698200977,28944893.291882902,81892.47040665889,39.38630979808651,False,
1.34,1.0,1.0,27999.604144834182,1.2785501485486566,28947868.595311947,81898.6830853156,39.386319255827225,False,
1.345,1.0,1.0,27999.620299898404,1.2786396794069324,28950680.121653557,81904.51257879139,39.38632812767444,False,
1.35,1.0,1.0,27999.635795665687,1.2787236588601867,28953337.05237469,81909.98262707298,39.386336449983034,False,
1.355,1.0,1.0,27999.650659042294,1.2788024320644031,28955848.045530725,81915.11549499724,39.38634425685258,False,
1.36,1.0,1.0,27999.66491583643,1.2788763226770534,28958221.266047753,81919.9320640901,39.38635158026684,False,
1.365,1.0,1.0,27999.678590803058,1.2789456341977463,28960464.41423114,81924.45191868134,39.386358450224755,False,
1.37,1.0,1.0,27999.691707686878,1.2790106512252069,28962584.75260516,81928.69342665168,39.38636489486332,False,
1.375,1.0,1.0,27999.704289263544,1.279071640635813,28964589.1311824,81932.67381514676,39.38637094057297,False,
1.3800000000000001,1.0,1.0,27999.71635737924,1.2791288526885867,28966484.011255667,81936.4092415728,39.38637661210575,False,
1.385,1.0,1.0,27999.72793298858,1.2791825220612316,28968275.487799678,81939.91486016728,39.38638193267694,False,
1.3900000000000001,1.0,1.0,27999.73903619102,1.279232868821522,28969969.310564592,81943.2048844214,39.3863869240603,False,
1.395,1.0,1.0,27999.749686265735,1.2792800993380788,28971570.9039386,81946.29264561259,39.3863916066775,False,
1.4000000000000001,1.0,1.0,27999.759901705125,1.2793244071343208,28973085.385652155,81949.19064768992,39.386395999681994,False,
1.405,1.0,1.0,27999.76970024689,1.2793659736891312,28974517.584392168,81951.91061873964,39.38640012103775,False,
1.41,1.0,1.0,27999.779098904837,1.2794049691875742,28975872.056390367,81954.46355924447,39.386403987593035,False,
1.415,1.0,1.0,27999.788113998457,1.2794415532247752,28977153.101046283,81956.85978733627,39.38640761514971,False,
1.42,1.0,1.0,27999.796761181213,1.279475875465887,28978364.775641654,81959.10898122974,39.386411018528186,False,
1.425,1.0,1.0,27999.805055467743,1.2795080762648914,28979510.909199737,81961.22021901283,39.38641421162839,False,
1.43,1.0,1.0,27999.81301125994,1.2795382872447927,28980595.1155398,81963.20201595893,39.38641720748694,False,
1.435,1.0,1.0,27999.820642371935,1.2795666318416272,28981620.8055741,81965.06235951498,39.38642001833075,False,
1.44,1.0,1.0,27999.827962054107,1.2795932258145373,28982591.19889183,81966.80874211082,39.38642265562735,False,
1.445,1.0,1.0,27999.834983016077,1.2796181777240319,28983509.334671922,81968.44819192533,39.386425130132075,False,
1.45,1.0,1.0,27999.841717448777,1.2796415893804192,28984378.081964053,81969.9873017367,39.38642745193229,False,
1.455,1.0,1.0,27999.848177045624,1.2796635562642733,28985200.149374902,81971.4322559767,39.38642963048896,False,
1.46,1.0,1.0,27999.854373022816,1.2796841679206785,28985978.09419453,81972.78885610032,39.38643167467552,False,
1.465,1.0,1.0,27999.860316138813,1.27970350832889,28986714.33099565,81974.06254437627,39.3864335928144,False,
1.47,1.0,1.0,27999.866016713022,1.2797216562489429,28987411.13973661,81975.25842619652,39.386435392711306,False,
1.475,1.0,1.0,27999.8714846437,1.2797386855466517,28988070.673397195,81976.38129099733,39.38643708168732,False,
1.48,1.0,1.0,27999.87672942516,1.2797546654983436,28988694.965174425,81977.435631878,39.386438666608996,False,
1.485,1.0,1.0,27999.88176016424,1.279769661076595,28989285.935264178,81978.4256639991,39.38644015391666,False,
1.49,1.0,1.0,27999.88658559613,1.2797837332181539,28989845.397252697,81979.35534183565,39.38644154965088,False,
1.495,1.0,1.0,27999.891214099523,1.279796939075161,28990375.064140823,81980.22837535667,39.38644285947731,False,
1.5,1.0,1.0,27999.89565371118,1.2798093322507094,28990876.55402228,81981.04824519868,39.386444088710014,False,
1.5050000000000001,1.0,1.0,27999.899912139877,1.2798209630197255,28991351.39543622,81981.81821689475,39.386445242333295,False,
1.51,1.0,1.0,27999.903996779787,1.2798318785360778,28991801.032412957,81982.5413542189,39.386446325022206,False,
1.5150000000000001,1.0,1.0,27999.907914723324,1.2798421230267822,28992226.829230703,81983.2205317003,39.386447341161784,False,
1.52,1.0,1.0,27999.911672773454,1.2798517379741041,28992630.07490017,81983.85844635955,39.38644829486506,False,
1.5250000000000001,1.0,1.0,27999.915277455522,1.2798607622863098,28993011.987392753,81984.45762871492,39.38644918998996,False,
1.53,1.0,1.0,27999.918735028557,1.2798692324577827,28993373.71762725,81985.02045310446,39.38645003015518,False,
1.5350000000000001,1.0,1.0,27999.922051496163,1.2798771827191602,28993716.35322904,81985.54914736643,39.38645081875503,False,
1.54,1.0,1.0,27999.925232616923,1.2798846451781183,28994040.922074966,81986.045801918,39.386451558973384,False,
1.545,1.0,1.0,27999.928283914414,1.2798916499513844,28994348.395636298,81986.51237826972,39.38645225379678,False,
1.55,1.0,1.0,27999.931210686802,1.279898225288528,28994639.692131426,81986.95071701084,39.38645290602665,False,
1.555,1.0,1.0,27999.934018016018,1.2799043976880409,28994915.679499336,81987.36254529851,39.386453518290814,False,
1.56,1.0,1.0,27999.936710776605,1.2799101920061857,28995177.178204153,81987.74948388172,39.386454093054326,False,
1.565,1.0,1.0,27999.93929364417,1.279915631559068,28995424.963880565,81988.1130536889,39.386454632629494,False,
1.57,1.0,1.0,27999.94177110351,1.2799207382183506,28995659.769829232,81988.45468200638,39.38645513918545,False,
1.575,1.0,1.0,27999.944147456386,1.2799255325010077,28995882.289370872,81988.7757082732,39.38645561475699,False,
1.58,1.0,1.0,27999.94642682901,1.2799300336534918,28996093.17806712,81989.077389516,39.38645606125294,False,
1.585,1.0,1.0,27999.948613179207,1.2799342597306607,28996293.055815846,81989.36090544664,39.38645648046398,False,
1.59,1.0,1.0,27999.95071030326,1.2799382276697895,28996482.508828126,81989.62736324334,39.38645687406994,False,
1.595,1.0,1.0,27999.952721842543,1.2799419533599776,28996662.091493666,81989.87780203506,39.38645724364675,False,
1.6,1.0,1.0,27999.954651289816,1.2799454517072357,28996832.328141086,81990.11319710757,39.38645759067283,False,
1.605,1.0,1.0,27999.956501995297,1.2799487366955202,28996993.714699063,81990.33446384882,39.38645791653518,False,
1.61,1.0,1.0,27999.958277172485,1.2799518214439716,28997146.720264025,81990.5424614491,39.38645822253501,False,
1.615,1.0,1.0,27999.959979903724,1.279954718260591,28997291.78857974,81990.73799637216,39.38645850989312,False,
1.62,1.0,1.0,27999.96161314558,1.2799574386925772,28997429.33943384,81990.92182561087,39.386458779754825,False,
1.625,1.0,1.0,27999.96317973395,1.279959993573531,28997559.769975998,81991.09465974098,39.38645903319471,False,
1.6300000000000001,1.0,1.0,27999.964682389,1.2799623930677253,28997683.45596225,81991.25716578562,39.38645927122096,False,
1.635,1.0,1.0,27999.966123719874,1.2799646467116208,28997800.75292967,81991.40996990242,39.38645949477947,False,
1.6400000000000001,1.0,1.0,27999.96750622926,1.2799667634527996,28997911.997305356,81991.55365990396,39.386459704757776,False,
1.645,1.0,1.0,27999.968832317685,1.2799687516864786,28998017.50745345,81991.6887876219,39.3864599019886,False,
1.6500000000000001,1.0,1.0,27999.97010428772,1.2799706192897529,28998117.584663734,81991.81587112509,39.38646008725329,False,
1.655,1.0,1.0,27999.971324347967,1.279972373653709,28998212.514085133,81991.93539679993,39.386460261284974,False,
1.6600000000000001,1.0,1.0,27999.972494616894,1.2799740217135434,28998302.565607186,81992.0478213022,39.386460424771585,False,
1.665,1.0,1.0,27999.97361712651,1.2799755699768083,28998387.994692523,81992.15357338783,39.386460578358616,False,
1.67,1.0,1.0,27999.9746938259,1.2799770245499031,28998469.04316304,81992.25305563043,39.3864607226518,False,
1.675,1.0,1.0,27999.975726584606,1.2799783911629188,28998545.939942442,81992.34664603278,39.38646085821952,False,
1.68,1.0,1.0,27999.976717195867,1.2799796751929389,28998618.90175761,81992.43469953813,39.38646098559516,False,
1.685,1.0,1.0,27999.977667379742,1.2799808816858937,28998688.13380108,81992.51754944859,39.38646110527924,False,
1.69,1.0,1.0,27999.978578786096,1.279982015377057,28998753.830356896,81992.59550875545,39.38646121774149,False,
1.695,1.0,1.0,27999.979452997468,1.2799830807102694,28998816.175391827,81992.6688713873,39.38646132342272,False,
1.7,1.0,1.0,27999.980291531796,1.2799840818559685,28998875.343113948,81992.7379133811,39.386461422736616,False,
1.705,1.0,1.0,27999.981095845083,1.2799850227280993,28998931.4985004,81992.80289398092,39.38646151607143,False,
1.71,1.0,1.0,27999.981867333907,1.2799859069999755,28998984.79779607,81992.86405666864,39.386461603791545,False,
1.715,1.0,1.0,27999.982607337854,1.2799867381191568,28999035.3889848,81992.92163013121,39.386461686238945,False,
1.72,1.0,1.0,27999.98331714184,1.2799875193214003,28999083.412234694,81992.97582916805,39.38646176373461,False,
1.725,1.0,1.0,27999.98399797834,1.279988253643751,28999129.00031896,81993.02685554237,39.38646183657981,False,
1.73,1.0,1.0,27999.98465102953,1.2799889439368153,28999172.279013645,81993.07489878015,39.38646190505732,False,
1.735,1.0,1.0,27999.985277429347,1.2799895928762766,28999213.36747359,81993.12013691981,39.38646196943255,False,
1.74,1.0,1.0,27999.98587826545,1.2799902029736965,28999252.37858777,81993.1627372155,39.386462029954664,False,
1.745,1.0,1.0,27999.986454581103,1.2799907765866436,28999289.41931521,81993.20285679706,39.38646208685751,False,
1.75,1.0,1.0,27999.987007377,1.2799913159281984,28999324.591002543,81993.24064328943,39.38646214036064,False,
1.7550000000000001,1.0,1.0,27999.987537613,1.279991823075866,28999357.98968423,81993.27623539386,39.38646219067012,False,
1.76,1.0,1.0,27999.98804620978,1.279992299979938,28999389.70636643,81993.30976343318,39.38646223797944,False,
1.7650000000000001,1.0,1.0,27999.988534050448,1.279992748471336,28999419.827295367,81993.34134986364,39.386462282470205,False,
1.77,1.0,1.0,27999.989001982074,1.279993170268969,28999448.43421113,81993.37110975523,39.38646232431294,False,
1.7750000000000001,1.0,1.0,27999.989450817153,1.2799935669866362,28999475.604587685,81993.3991512424,39.38646236366773,False,
1.78,1.0,1.0,27999.989881335034,1.2799939401395002,28999501.41185981,81993.42557594698,39.38646240068488,False,
1.7850000000000001,1.0,1.0,27999.990294283245,1.279994291150162,28999525.92563778,81993.45047937537,39.38646243550551,False,
1.79,1.0,1.0,27999.990690378814,1.2799946213543594,28999549.21191038,81993.47395129097,39.386462468262124,False,
1.795,1.0,1.0,27999.99107030951,1.2799949320063104,28999571.333236944,81993.49607606392,39.38646249907914,False,
1.8,1.0,1.0,27999.991434735028,1.2799952242837305,28999592.348929033,81993.51693299934,39.386462528073395,False,
1.805,1.0,1.0,27999.991784288137,1.2799954992925349,28999612.315222263,81993.53659664543,39.38646255535458,False,
1.81,1.0,1.0,27999.9921195758,1.2799957580712535,28999631.285438906,81993.55513708259,39.38646258102573,False,
1.815,1.0,1.0,27999.99244118019,1.2799960015951721,28999649.3101417,81993.57262019487,39.3864626051836,False,
1.82,1.0,1.0,27999.99274965973,1.2799962307802162,28999666.437279396,81993.58910792474,39.38646262791903,False,
1.825,1.0,1.0,27999.99304555005,1.2799964464865956,28999682.712324474,81993.60465851212,39.38646264931737,False,
1.83,1.0,1.0,27999.993329364934,1.279996649522226,28999698.178403463,81993.6193267192,39.38646266945876,False,
1.835,1.0,1.0,27999.993601597173,1.279996840645936,28999712.876420278,81993.63316404083,39.386462688418476,False,
1.84,1.0,1.0,27999.993862719464,1.2799970205704776,28999726.845172934,81993.64621890266,39.38646270626722,False,
1.845,1.0,1.0,27999.994113185214,1.2799971899653522,28999740.121464025,81993.65853684673,39.38646272307141,False,
1.85,1.0,1.0,27999.99435342932,1.2799973494594585,28999752.740205288,81993.6701607059,39.38646273889343,False,
1.855,1.0,1.0,27999.994583868935,1.2799974996435821,28999764.73451658,81993.68113076754,39.386462753791896,False,
1.86,1.0,1.0,27999.994804904185,1.2799976410727274,28999776.13581958,81993.69148492735,39.386462767821854,False,
1.865,1.0,1.0,27999.995016918863,1.2799977742683073,28999786.9739265,81993.70125883353,39.38646278103503,False,
1.87,1.0,1.0,27999.995220281115,1.2799978997201984,28999797.277124062,81993.71048602252,39.38646279348003,False,
1.875,1.0,1.0,27999.995415344034,1.279998017888669,28999807.072253015,81993.71919804602,39.3864628052025,False,
1.8800000000000001,1.0,1.0,27999.995602446335,1.279998129206188,28999816.384783424,81993.72742459066,39.38646281624535,False,
1.885,1.0,1.0,27999.995781912887,1.2799982340791238,28999825.238885976,81993.73519359007,39.38646282664889,False,
1.8900000000000001,1.0,1.0,27999.99595405531,1.2799983328893365,28999833.657499492,81993.74253133041,39.386462836451,False,
1.895,1.0,1.0,27999.99611917251,1.2799984259956747,28999841.662394863,81993.74946254924,39.38646284568728,False,
1.9000000000000001,1.0,1.0,27999.99627755119,1.2799985137353769,28999849.27423562,81993.75601052839,39.386462854391176,False,
1.905,1.0,1.0,27999.996429466344,1.2799985964253913,28999856.51263529,81993.76219718141,39.38646286259414,False,
1.9100000000000001,1.0,1.0,27999.99657518176,1.2799986743636094,28999863.396211725,81993.76804313544,39.38646287032572,False,
1.915,1.0,1.0,27999.996714950452,1.2799987478300279,28999869.94263857,81993.77356780818,39.386462877613695,False,
1.92,1.0,1.0,27999.996849015108,1.2799988170878371,28999876.16869402,81993.77878948039,39.38646288448417,False,
1.925,1.0,1.0,27999.996977608513,1.279998882384443,28999882.09030702,81993.78372536362,39.38646289096169,False,
1.93,1.0,1.0,27999.99710095395,1.2799989439524266,28999887.722601015,81993.78839166422,39.38646289706932,False,
1.935,1.0,1.0,27999.99721926559,1.2799990020104446,28999893.079935424,81993.7928036431,39.38646290282876,False,
1.94,1.0,1.0,27999.997332748873,1.2799990567640742,28999898.17594493,81993.79697567229,39.3864629082604,False,
1.945,1.0,1.0,27999.99744160084,1.2799991084066078,28999903.02357672,81993.80092128763,39.38646291338341,False,
1.95,1.0,1.0,27999.997546010498,1.2799991571197962,28999907.635125753,81993.80465323865,39.38646291821583,False,
1.955,1.0,1.0,27999.997646159143,1.2799992030745493,28999912.02226821,81993.8081835352,39.386462922774605,False,
1.96,1.0,1.0,27999.997742220665,1.2799992464315917,28999916.19609319,81993.8115234914,39.38646292707569,False,
1.965,1.0,1.0,27999.997834361868,1.2799992873420798,28999920.16713275,81993.81468376679,39.38646293113407,False,
1.97,1.0,1.0,27999.997922742736,1.279999325948179,28999923.94539037,81993.81767440522,39.38646293496385,False,
1.975,1.0,1.0,27999.99800751673,1.2799993623836086,28999927.54036795,81993.8205048712,39.3864629385783,False,
1.98,1.0,1.0,27999.998088831057,1.2799993967741503,28999930.961091407,81993.82318408412,39.38646294198989,False,
1.985,1.0,1.0,27999.9981668269,1.2799994292381285,28999934.21613492,81993.82572045049,39.38646294521037,False,
1.99,1.0,1.0,27999.998241639685,1.279999459886859,28999937.31364394,81993.82812189402,39.38646294825077,False,
1.995,1.0,1.0,27999.998313399326,1.2799994888250712,28999940.261356995,81993.83039588435,39.38646295112148,False,
2.0,1.0,1.0,27999.998382230413,1.2799995161513054,28999943.066626366,81993.83254946343,39.38646295383228,False,
